<annotation>
	<folder>Aug_images</folder>
	<filename>image_aug62.xml</filename>
	<path>/content/image_aug62.xml</path>
	<source>
		<database>Unknown</database>
	</source>
	<size>
		<width>537</width>
		<height>322</height>
		<depth>3</depth>
	</size>
	<segmented>0</segmented>
	<object>
		<name>wall</name>
		<pose>Unspecified</pose>
		<truncated>0</truncated>
		<difficult>0</difficult>
		<bndbox>
			<xmin>57</xmin>
			<ymin>68</ymin>
			<xmax>385</xmax>
			<ymax>245</ymax>
		</bndbox>
	</object>
	<object>
		<name>wall</name>
		<pose>Unspecified</pose>
		<truncated>0</truncated>
		<difficult>0</difficult>
		<bndbox>
			<xmin>0</xmin>
			<ymin>23</ymin>
			<xmax>62</xmax>
			<ymax>269</ymax>
		</bndbox>
	</object>
	<object>
		<name>wall</name>
		<pose>Unspecified</pose>
		<truncated>0</truncated>
		<difficult>0</difficult>
		<bndbox>
			<xmin>380</xmin>
			<ymin>12</ymin>
			<xmax>497</xmax>
			<ymax>300</ymax>
		</bndbox>
	</object>
	<object>
		<name>window</name>
		<pose>Unspecified</pose>
		<truncated>0</truncated>
		<difficult>0</difficult>
		<bndbox>
			<xmin>407</xmin>
			<ymin>32</ymin>
			<xmax>492</xmax>
			<ymax>255</ymax>
		</bndbox>
	</object>
</annotation>