<annotation>
	<folder>Aug_images</folder>
	<filename>image_aug28.xml</filename>
	<path>/content/image_aug28.xml</path>
	<source>
		<database>Unknown</database>
	</source>
	<size>
		<width>400</width>
		<height>266</height>
		<depth>3</depth>
	</size>
	<segmented>0</segmented>
	<object>
		<name>wall</name>
		<pose>Unspecified</pose>
		<truncated>0</truncated>
		<difficult>0</difficult>
		<bndbox>
			<xmin>142</xmin>
			<ymin>0</ymin>
			<xmax>363</xmax>
			<ymax>196</ymax>
		</bndbox>
	</object>
	<object>
		<name>wall</name>
		<pose>Unspecified</pose>
		<truncated>0</truncated>
		<difficult>0</difficult>
		<bndbox>
			<xmin>0</xmin>
			<ymin>9</ymin>
			<xmax>151</xmax>
			<ymax>200</ymax>
		</bndbox>
	</object>
	<object>
		<name>window</name>
		<pose>Unspecified</pose>
		<truncated>0</truncated>
		<difficult>0</difficult>
		<bndbox>
			<xmin>278</xmin>
			<ymin>9</ymin>
			<xmax>361</xmax>
			<ymax>143</ymax>
		</bndbox>
	</object>
	<object>
		<name>window</name>
		<pose>Unspecified</pose>
		<truncated>0</truncated>
		<difficult>0</difficult>
		<bndbox>
			<xmin>171</xmin>
			<ymin>40</ymin>
			<xmax>238</xmax>
			<ymax>146</ymax>
		</bndbox>
	</object>
</annotation>