<annotation>
	<folder>Aug_images</folder>
	<filename>image_aug59.xml</filename>
	<path>/content/image_aug59.xml</path>
	<source>
		<database>Unknown</database>
	</source>
	<size>
		<width>958</width>
		<height>480</height>
		<depth>3</depth>
	</size>
	<segmented>0</segmented>
	<object>
		<name>wall</name>
		<pose>Unspecified</pose>
		<truncated>0</truncated>
		<difficult>0</difficult>
		<bndbox>
			<xmin>290</xmin>
			<ymin>93</ymin>
			<xmax>828</xmax>
			<ymax>444</ymax>
		</bndbox>
	</object>
	<object>
		<name>wall</name>
		<pose>Unspecified</pose>
		<truncated>0</truncated>
		<difficult>0</difficult>
		<bndbox>
			<xmin>802</xmin>
			<ymin>29</ymin>
			<xmax>958</xmax>
			<ymax>480</ymax>
		</bndbox>
	</object>
	<object>
		<name>wall</name>
		<pose>Unspecified</pose>
		<truncated>0</truncated>
		<difficult>0</difficult>
		<bndbox>
			<xmin>78</xmin>
			<ymin>0</ymin>
			<xmax>320</xmax>
			<ymax>462</ymax>
		</bndbox>
	</object>
	<object>
		<name>window</name>
		<pose>Unspecified</pose>
		<truncated>0</truncated>
		<difficult>0</difficult>
		<bndbox>
			<xmin>370</xmin>
			<ymin>124</ymin>
			<xmax>613</xmax>
			<ymax>358</ymax>
		</bndbox>
	</object>
</annotation>