<annotation>
	<folder>Aug_images</folder>
	<filename>image_aug61.xml</filename>
	<path>/content/image_aug61.xml</path>
	<source>
		<database>Unknown</database>
	</source>
	<size>
		<width>673</width>
		<height>454</height>
		<depth>3</depth>
	</size>
	<segmented>0</segmented>
	<object>
		<name>wall</name>
		<pose>Unspecified</pose>
		<truncated>0</truncated>
		<difficult>0</difficult>
		<bndbox>
			<xmin>105</xmin>
			<ymin>55</ymin>
			<xmax>648</xmax>
			<ymax>411</ymax>
		</bndbox>
	</object>
	<object>
		<name>wall</name>
		<pose>Unspecified</pose>
		<truncated>0</truncated>
		<difficult>0</difficult>
		<bndbox>
			<xmin>16</xmin>
			<ymin>0</ymin>
			<xmax>110</xmax>
			<ymax>454</ymax>
		</bndbox>
	</object>
	<object>
		<name>wall</name>
		<pose>Unspecified</pose>
		<truncated>0</truncated>
		<difficult>0</difficult>
		<bndbox>
			<xmin>642</xmin>
			<ymin>0</ymin>
			<xmax>673</xmax>
			<ymax>454</ymax>
		</bndbox>
	</object>
	<object>
		<name>window</name>
		<pose>Unspecified</pose>
		<truncated>0</truncated>
		<difficult>0</difficult>
		<bndbox>
			<xmin>17</xmin>
			<ymin>108</ymin>
			<xmax>86</xmax>
			<ymax>319</ymax>
		</bndbox>
	</object>
	<object>
		<name>pillar</name>
		<pose>Unspecified</pose>
		<truncated>0</truncated>
		<difficult>0</difficult>
		<bndbox>
			<xmin>197</xmin>
			<ymin>19</ymin>
			<xmax>238</xmax>
			<ymax>444</ymax>
		</bndbox>
	</object>
</annotation>