<annotation>
	<folder>Aug_images</folder>
	<filename>image_aug42.xml</filename>
	<path>/content/image_aug42.xml</path>
	<source>
		<database>Unknown</database>
	</source>
	<size>
		<width>1024</width>
		<height>683</height>
		<depth>3</depth>
	</size>
	<segmented>0</segmented>
	<object>
		<name>wall</name>
		<pose>Unspecified</pose>
		<truncated>0</truncated>
		<difficult>0</difficult>
		<bndbox>
			<xmin>58</xmin>
			<ymin>54</ymin>
			<xmax>681</xmax>
			<ymax>475</ymax>
		</bndbox>
	</object>
	<object>
		<name>wall</name>
		<pose>Unspecified</pose>
		<truncated>0</truncated>
		<difficult>0</difficult>
		<bndbox>
			<xmin>650</xmin>
			<ymin>171</ymin>
			<xmax>1024</xmax>
			<ymax>527</ymax>
		</bndbox>
	</object>
	<object>
		<name>door</name>
		<pose>Unspecified</pose>
		<truncated>0</truncated>
		<difficult>0</difficult>
		<bndbox>
			<xmin>58</xmin>
			<ymin>110</ymin>
			<xmax>250</xmax>
			<ymax>430</ymax>
		</bndbox>
	</object>
	<object>
		<name>door</name>
		<pose>Unspecified</pose>
		<truncated>0</truncated>
		<difficult>0</difficult>
		<bndbox>
			<xmin>516</xmin>
			<ymin>200</ymin>
			<xmax>652</xmax>
			<ymax>441</ymax>
		</bndbox>
	</object>
	<object>
		<name>door</name>
		<pose>Unspecified</pose>
		<truncated>0</truncated>
		<difficult>0</difficult>
		<bndbox>
			<xmin>759</xmin>
			<ymin>256</ymin>
			<xmax>859</xmax>
			<ymax>474</ymax>
		</bndbox>
	</object>
	<object>
		<name>pillar</name>
		<pose>Unspecified</pose>
		<truncated>0</truncated>
		<difficult>0</difficult>
		<bndbox>
			<xmin>833</xmin>
			<ymin>126</ymin>
			<xmax>975</xmax>
			<ymax>654</ymax>
		</bndbox>
	</object>
</annotation>