<annotation>
	<folder>Aug_images</folder>
	<filename>image_aug7.xml</filename>
	<path>/content/image_aug7.xml</path>
	<source>
		<database>Unknown</database>
	</source>
	<size>
		<width>958</width>
		<height>480</height>
		<depth>3</depth>
	</size>
	<segmented>0</segmented>
	<object>
		<name>wall</name>
		<pose>Unspecified</pose>
		<truncated>0</truncated>
		<difficult>0</difficult>
		<bndbox>
			<xmin>291</xmin>
			<ymin>117</ymin>
			<xmax>730</xmax>
			<ymax>405</ymax>
		</bndbox>
	</object>
	<object>
		<name>wall</name>
		<pose>Unspecified</pose>
		<truncated>0</truncated>
		<difficult>0</difficult>
		<bndbox>
			<xmin>707</xmin>
			<ymin>66</ymin>
			<xmax>917</xmax>
			<ymax>465</ymax>
		</bndbox>
	</object>
	<object>
		<name>wall</name>
		<pose>Unspecified</pose>
		<truncated>0</truncated>
		<difficult>0</difficult>
		<bndbox>
			<xmin>118</xmin>
			<ymin>20</ymin>
			<xmax>316</xmax>
			<ymax>418</ymax>
		</bndbox>
	</object>
	<object>
		<name>window</name>
		<pose>Unspecified</pose>
		<truncated>0</truncated>
		<difficult>0</difficult>
		<bndbox>
			<xmin>356</xmin>
			<ymin>143</ymin>
			<xmax>554</xmax>
			<ymax>334</ymax>
		</bndbox>
	</object>
</annotation>