<annotation>
	<folder>Aug_images</folder>
	<filename>image_aug43.xml</filename>
	<path>/content/image_aug43.xml</path>
	<source>
		<database>Unknown</database>
	</source>
	<size>
		<width>673</width>
		<height>454</height>
		<depth>3</depth>
	</size>
	<segmented>0</segmented>
	<object>
		<name>wall</name>
		<pose>Unspecified</pose>
		<truncated>0</truncated>
		<difficult>0</difficult>
		<bndbox>
			<xmin>84</xmin>
			<ymin>40</ymin>
			<xmax>673</xmax>
			<ymax>429</ymax>
		</bndbox>
	</object>
	<object>
		<name>wall</name>
		<pose>Unspecified</pose>
		<truncated>0</truncated>
		<difficult>0</difficult>
		<bndbox>
			<xmin>0</xmin>
			<ymin>0</ymin>
			<xmax>86</xmax>
			<ymax>454</ymax>
		</bndbox>
	</object>
	<object>
		<name>wall</name>
		<pose>Unspecified</pose>
		<truncated>0</truncated>
		<difficult>0</difficult>
		<bndbox>
			<xmin>678</xmin>
			<ymin>0</ymin>
			<xmax>673</xmax>
			<ymax>454</ymax>
		</bndbox>
	</object>
	<object>
		<name>window</name>
		<pose>Unspecified</pose>
		<truncated>0</truncated>
		<difficult>0</difficult>
		<bndbox>
			<xmin>0</xmin>
			<ymin>90</ymin>
			<xmax>60</xmax>
			<ymax>323</ymax>
		</bndbox>
	</object>
	<object>
		<name>pillar</name>
		<pose>Unspecified</pose>
		<truncated>0</truncated>
		<difficult>0</difficult>
		<bndbox>
			<xmin>186</xmin>
			<ymin>0</ymin>
			<xmax>227</xmax>
			<ymax>454</ymax>
		</bndbox>
	</object>
</annotation>