<annotation>
	<folder>Aug_images</folder>
	<filename>image_aug30.xml</filename>
	<path>/content/image_aug30.xml</path>
	<source>
		<database>Unknown</database>
	</source>
	<size>
		<width>537</width>
		<height>322</height>
		<depth>3</depth>
	</size>
	<segmented>0</segmented>
	<object>
		<name>wall</name>
		<pose>Unspecified</pose>
		<truncated>0</truncated>
		<difficult>0</difficult>
		<bndbox>
			<xmin>133</xmin>
			<ymin>41</ymin>
			<xmax>530</xmax>
			<ymax>265</ymax>
		</bndbox>
	</object>
	<object>
		<name>wall</name>
		<pose>Unspecified</pose>
		<truncated>0</truncated>
		<difficult>0</difficult>
		<bndbox>
			<xmin>515</xmin>
			<ymin>0</ymin>
			<xmax>537</xmax>
			<ymax>280</ymax>
		</bndbox>
	</object>
	<object>
		<name>wall</name>
		<pose>Unspecified</pose>
		<truncated>0</truncated>
		<difficult>0</difficult>
		<bndbox>
			<xmin>0</xmin>
			<ymin>0</ymin>
			<xmax>149</xmax>
			<ymax>322</ymax>
		</bndbox>
	</object>
	<object>
		<name>window</name>
		<pose>Unspecified</pose>
		<truncated>0</truncated>
		<difficult>0</difficult>
		<bndbox>
			<xmin>4</xmin>
			<ymin>13</ymin>
			<xmax>114</xmax>
			<ymax>281</ymax>
		</bndbox>
	</object>
</annotation>