<annotation>
	<folder>Aug_images</folder>
	<filename>image_aug27.xml</filename>
	<path>/content/image_aug27.xml</path>
	<source>
		<database>Unknown</database>
	</source>
	<size>
		<width>690</width>
		<height>459</height>
		<depth>3</depth>
	</size>
	<segmented>0</segmented>
	<object>
		<name>window</name>
		<pose>Unspecified</pose>
		<truncated>0</truncated>
		<difficult>0</difficult>
		<bndbox>
			<xmin>431</xmin>
			<ymin>175</ymin>
			<xmax>500</xmax>
			<ymax>265</ymax>
		</bndbox>
	</object>
	<object>
		<name>door</name>
		<pose>Unspecified</pose>
		<truncated>0</truncated>
		<difficult>0</difficult>
		<bndbox>
			<xmin>219</xmin>
			<ymin>168</ymin>
			<xmax>375</xmax>
			<ymax>321</ymax>
		</bndbox>
	</object>
	<object>
		<name>wall</name>
		<pose>Unspecified</pose>
		<truncated>0</truncated>
		<difficult>0</difficult>
		<bndbox>
			<xmin>220</xmin>
			<ymin>162</ymin>
			<xmax>516</xmax>
			<ymax>323</ymax>
		</bndbox>
	</object>
	<object>
		<name>wall</name>
		<pose>Unspecified</pose>
		<truncated>0</truncated>
		<difficult>0</difficult>
		<bndbox>
			<xmin>4</xmin>
			<ymin>0</ymin>
			<xmax>230</xmax>
			<ymax>459</ymax>
		</bndbox>
	</object>
	<object>
		<name>wall</name>
		<pose>Unspecified</pose>
		<truncated>0</truncated>
		<difficult>0</difficult>
		<bndbox>
			<xmin>512</xmin>
			<ymin>160</ymin>
			<xmax>631</xmax>
			<ymax>320</ymax>
		</bndbox>
	</object>
	<object>
		<name>wall</name>
		<pose>Unspecified</pose>
		<truncated>0</truncated>
		<difficult>0</difficult>
		<bndbox>
			<xmin>636</xmin>
			<ymin>121</ymin>
			<xmax>690</xmax>
			<ymax>378</ymax>
		</bndbox>
	</object>
</annotation>