<annotation>
	<folder>Aug_images</folder>
	<filename>image_aug68.xml</filename>
	<path>/content/image_aug68.xml</path>
	<source>
		<database>Unknown</database>
	</source>
	<size>
		<width>472</width>
		<height>354</height>
		<depth>3</depth>
	</size>
	<segmented>0</segmented>
	<object>
		<name>wall</name>
		<pose>Unspecified</pose>
		<truncated>0</truncated>
		<difficult>0</difficult>
		<bndbox>
			<xmin>306</xmin>
			<ymin>39</ymin>
			<xmax>472</xmax>
			<ymax>243</ymax>
		</bndbox>
	</object>
	<object>
		<name>wall</name>
		<pose>Unspecified</pose>
		<truncated>0</truncated>
		<difficult>0</difficult>
		<bndbox>
			<xmin>50</xmin>
			<ymin>49</ymin>
			<xmax>312</xmax>
			<ymax>247</ymax>
		</bndbox>
	</object>
	<object>
		<name>window</name>
		<pose>Unspecified</pose>
		<truncated>0</truncated>
		<difficult>0</difficult>
		<bndbox>
			<xmin>236</xmin>
			<ymin>82</ymin>
			<xmax>286</xmax>
			<ymax>166</ymax>
		</bndbox>
	</object>
	<object>
		<name>window</name>
		<pose>Unspecified</pose>
		<truncated>0</truncated>
		<difficult>0</difficult>
		<bndbox>
			<xmin>57</xmin>
			<ymin>63</ymin>
			<xmax>166</xmax>
			<ymax>187</ymax>
		</bndbox>
	</object>
</annotation>