<annotation>
	<folder>Aug_images</folder>
	<filename>image_aug50.xml</filename>
	<path>/content/image_aug50.xml</path>
	<source>
		<database>Unknown</database>
	</source>
	<size>
		<width>472</width>
		<height>354</height>
		<depth>3</depth>
	</size>
	<segmented>0</segmented>
	<object>
		<name>wall</name>
		<pose>Unspecified</pose>
		<truncated>0</truncated>
		<difficult>0</difficult>
		<bndbox>
			<xmin>243</xmin>
			<ymin>12</ymin>
			<xmax>472</xmax>
			<ymax>260</ymax>
		</bndbox>
	</object>
	<object>
		<name>wall</name>
		<pose>Unspecified</pose>
		<truncated>0</truncated>
		<difficult>0</difficult>
		<bndbox>
			<xmin>0</xmin>
			<ymin>24</ymin>
			<xmax>250</xmax>
			<ymax>265</ymax>
		</bndbox>
	</object>
	<object>
		<name>window</name>
		<pose>Unspecified</pose>
		<truncated>0</truncated>
		<difficult>0</difficult>
		<bndbox>
			<xmin>157</xmin>
			<ymin>65</ymin>
			<xmax>218</xmax>
			<ymax>166</ymax>
		</bndbox>
	</object>
	<object>
		<name>window</name>
		<pose>Unspecified</pose>
		<truncated>0</truncated>
		<difficult>0</difficult>
		<bndbox>
			<xmin>0</xmin>
			<ymin>41</ymin>
			<xmax>72</xmax>
			<ymax>192</ymax>
		</bndbox>
	</object>
</annotation>