<annotation>
	<folder>Aug_images</folder>
	<filename>image_aug49.xml</filename>
	<path>/content/image_aug49.xml</path>
	<source>
		<database>Unknown</database>
	</source>
	<size>
		<width>690</width>
		<height>459</height>
		<depth>3</depth>
	</size>
	<segmented>0</segmented>
	<object>
		<name>window</name>
		<pose>Unspecified</pose>
		<truncated>0</truncated>
		<difficult>0</difficult>
		<bndbox>
			<xmin>332</xmin>
			<ymin>183</ymin>
			<xmax>395</xmax>
			<ymax>263</ymax>
		</bndbox>
	</object>
	<object>
		<name>door</name>
		<pose>Unspecified</pose>
		<truncated>0</truncated>
		<difficult>0</difficult>
		<bndbox>
			<xmin>146</xmin>
			<ymin>180</ymin>
			<xmax>287</xmax>
			<ymax>318</ymax>
		</bndbox>
	</object>
	<object>
		<name>wall</name>
		<pose>Unspecified</pose>
		<truncated>0</truncated>
		<difficult>0</difficult>
		<bndbox>
			<xmin>147</xmin>
			<ymin>171</ymin>
			<xmax>409</xmax>
			<ymax>320</ymax>
		</bndbox>
	</object>
	<object>
		<name>wall</name>
		<pose>Unspecified</pose>
		<truncated>0</truncated>
		<difficult>0</difficult>
		<bndbox>
			<xmin>0</xmin>
			<ymin>30</ymin>
			<xmax>163</xmax>
			<ymax>459</ymax>
		</bndbox>
	</object>
	<object>
		<name>wall</name>
		<pose>Unspecified</pose>
		<truncated>0</truncated>
		<difficult>0</difficult>
		<bndbox>
			<xmin>402</xmin>
			<ymin>166</ymin>
			<xmax>510</xmax>
			<ymax>310</ymax>
		</bndbox>
	</object>
	<object>
		<name>wall</name>
		<pose>Unspecified</pose>
		<truncated>0</truncated>
		<difficult>0</difficult>
		<bndbox>
			<xmin>510</xmin>
			<ymin>130</ymin>
			<xmax>609</xmax>
			<ymax>358</ymax>
		</bndbox>
	</object>
</annotation>