<annotation>
	<folder>Aug_images</folder>
	<filename>image_aug51.xml</filename>
	<path>/content/image_aug51.xml</path>
	<source>
		<database>Unknown</database>
	</source>
	<size>
		<width>690</width>
		<height>459</height>
		<depth>3</depth>
	</size>
	<segmented>0</segmented>
	<object>
		<name>window</name>
		<pose>Unspecified</pose>
		<truncated>0</truncated>
		<difficult>0</difficult>
		<bndbox>
			<xmin>408</xmin>
			<ymin>186</ymin>
			<xmax>470</xmax>
			<ymax>266</ymax>
		</bndbox>
	</object>
	<object>
		<name>door</name>
		<pose>Unspecified</pose>
		<truncated>0</truncated>
		<difficult>0</difficult>
		<bndbox>
			<xmin>214</xmin>
			<ymin>172</ymin>
			<xmax>355</xmax>
			<ymax>309</ymax>
		</bndbox>
	</object>
	<object>
		<name>wall</name>
		<pose>Unspecified</pose>
		<truncated>0</truncated>
		<difficult>0</difficult>
		<bndbox>
			<xmin>215</xmin>
			<ymin>171</ymin>
			<xmax>482</xmax>
			<ymax>313</ymax>
		</bndbox>
	</object>
	<object>
		<name>wall</name>
		<pose>Unspecified</pose>
		<truncated>0</truncated>
		<difficult>0</difficult>
		<bndbox>
			<xmin>21</xmin>
			<ymin>4</ymin>
			<xmax>220</xmax>
			<ymax>447</ymax>
		</bndbox>
	</object>
	<object>
		<name>wall</name>
		<pose>Unspecified</pose>
		<truncated>0</truncated>
		<difficult>0</difficult>
		<bndbox>
			<xmin>481</xmin>
			<ymin>176</ymin>
			<xmax>587</xmax>
			<ymax>321</ymax>
		</bndbox>
	</object>
	<object>
		<name>wall</name>
		<pose>Unspecified</pose>
		<truncated>0</truncated>
		<difficult>0</difficult>
		<bndbox>
			<xmin>594</xmin>
			<ymin>147</ymin>
			<xmax>687</xmax>
			<ymax>379</ymax>
		</bndbox>
	</object>
</annotation>