<annotation>
	<folder>Aug_images</folder>
	<filename>image_aug75.xml</filename>
	<path>/content/image_aug75.xml</path>
	<source>
		<database>Unknown</database>
	</source>
	<size>
		<width>740</width>
		<height>494</height>
		<depth>3</depth>
	</size>
	<segmented>0</segmented>
	<object>
		<name>wall</name>
		<pose>Unspecified</pose>
		<truncated>0</truncated>
		<difficult>0</difficult>
		<bndbox>
			<xmin>367</xmin>
			<ymin>109</ymin>
			<xmax>612</xmax>
			<ymax>393</ymax>
		</bndbox>
	</object>
	<object>
		<name>wall</name>
		<pose>Unspecified</pose>
		<truncated>0</truncated>
		<difficult>0</difficult>
		<bndbox>
			<xmin>0</xmin>
			<ymin>5</ymin>
			<xmax>385</xmax>
			<ymax>471</ymax>
		</bndbox>
	</object>
	<object>
		<name>door</name>
		<pose>Unspecified</pose>
		<truncated>0</truncated>
		<difficult>0</difficult>
		<bndbox>
			<xmin>315</xmin>
			<ymin>179</ymin>
			<xmax>373</xmax>
			<ymax>358</ymax>
		</bndbox>
	</object>
	<object>
		<name>door</name>
		<pose>Unspecified</pose>
		<truncated>0</truncated>
		<difficult>0</difficult>
		<bndbox>
			<xmin>421</xmin>
			<ymin>185</ymin>
			<xmax>494</xmax>
			<ymax>362</ymax>
		</bndbox>
	</object>
	<object>
		<name>door</name>
		<pose>Unspecified</pose>
		<truncated>0</truncated>
		<difficult>0</difficult>
		<bndbox>
			<xmin>0</xmin>
			<ymin>113</ymin>
			<xmax>110</xmax>
			<ymax>457</ymax>
		</bndbox>
	</object>
</annotation>