<annotation>
	<folder>Aug_images</folder>
	<filename>image_aug12.xml</filename>
	<path>/content/image_aug12.xml</path>
	<source>
		<database>Unknown</database>
	</source>
	<size>
		<width>889</width>
		<height>605</height>
		<depth>3</depth>
	</size>
	<segmented>0</segmented>
	<object>
		<name>wall</name>
		<pose>Unspecified</pose>
		<truncated>0</truncated>
		<difficult>0</difficult>
		<bndbox>
			<xmin>24</xmin>
			<ymin>22</ymin>
			<xmax>761</xmax>
			<ymax>438</ymax>
		</bndbox>
	</object>
	<object>
		<name>wall</name>
		<pose>Unspecified</pose>
		<truncated>0</truncated>
		<difficult>0</difficult>
		<bndbox>
			<xmin>0</xmin>
			<ymin>13</ymin>
			<xmax>41</xmax>
			<ymax>460</ymax>
		</bndbox>
	</object>
	<object>
		<name>door</name>
		<pose>Unspecified</pose>
		<truncated>0</truncated>
		<difficult>0</difficult>
		<bndbox>
			<xmin>615</xmin>
			<ymin>92</ymin>
			<xmax>753</xmax>
			<ymax>432</ymax>
		</bndbox>
	</object>
	<object>
		<name>window</name>
		<pose>Unspecified</pose>
		<truncated>0</truncated>
		<difficult>0</difficult>
		<bndbox>
			<xmin>0</xmin>
			<ymin>25</ymin>
			<xmax>28</xmax>
			<ymax>282</ymax>
		</bndbox>
	</object>
</annotation>