<annotation>
	<folder>Aug_images</folder>
	<filename>image_aug14.xml</filename>
	<path>/content/image_aug14.xml</path>
	<source>
		<database>Unknown</database>
	</source>
	<size>
		<width>673</width>
		<height>454</height>
		<depth>3</depth>
	</size>
	<segmented>0</segmented>
	<object>
		<name>wall</name>
		<pose>Unspecified</pose>
		<truncated>0</truncated>
		<difficult>0</difficult>
		<bndbox>
			<xmin>117</xmin>
			<ymin>44</ymin>
			<xmax>673</xmax>
			<ymax>422</ymax>
		</bndbox>
	</object>
	<object>
		<name>wall</name>
		<pose>Unspecified</pose>
		<truncated>0</truncated>
		<difficult>0</difficult>
		<bndbox>
			<xmin>23</xmin>
			<ymin>0</ymin>
			<xmax>123</xmax>
			<ymax>454</ymax>
		</bndbox>
	</object>
	<object>
		<name>wall</name>
		<pose>Unspecified</pose>
		<truncated>0</truncated>
		<difficult>0</difficult>
		<bndbox>
			<xmin>687</xmin>
			<ymin>0</ymin>
			<xmax>673</xmax>
			<ymax>454</ymax>
		</bndbox>
	</object>
	<object>
		<name>window</name>
		<pose>Unspecified</pose>
		<truncated>0</truncated>
		<difficult>0</difficult>
		<bndbox>
			<xmin>25</xmin>
			<ymin>101</ymin>
			<xmax>97</xmax>
			<ymax>324</ymax>
		</bndbox>
	</object>
	<object>
		<name>pillar</name>
		<pose>Unspecified</pose>
		<truncated>0</truncated>
		<difficult>0</difficult>
		<bndbox>
			<xmin>215</xmin>
			<ymin>6</ymin>
			<xmax>258</xmax>
			<ymax>454</ymax>
		</bndbox>
	</object>
</annotation>