<annotation>
	<folder>Aug_images</folder>
	<filename>image_aug40.xml</filename>
	<path>/content/image_aug40.xml</path>
	<source>
		<database>Unknown</database>
	</source>
	<size>
		<width>750</width>
		<height>937</height>
		<depth>3</depth>
	</size>
	<segmented>0</segmented>
	<object>
		<name>wall</name>
		<pose>Unspecified</pose>
		<truncated>0</truncated>
		<difficult>0</difficult>
		<bndbox>
			<xmin>261</xmin>
			<ymin>190</ymin>
			<xmax>750</xmax>
			<ymax>733</ymax>
		</bndbox>
	</object>
	<object>
		<name>wall</name>
		<pose>Unspecified</pose>
		<truncated>0</truncated>
		<difficult>0</difficult>
		<bndbox>
			<xmin>14</xmin>
			<ymin>158</ymin>
			<xmax>292</xmax>
			<ymax>695</ymax>
		</bndbox>
	</object>
	<object>
		<name>window</name>
		<pose>Unspecified</pose>
		<truncated>0</truncated>
		<difficult>0</difficult>
		<bndbox>
			<xmin>499</xmin>
			<ymin>244</ymin>
			<xmax>654</xmax>
			<ymax>653</ymax>
		</bndbox>
	</object>
	<object>
		<name>window</name>
		<pose>Unspecified</pose>
		<truncated>0</truncated>
		<difficult>0</difficult>
		<bndbox>
			<xmin>716</xmin>
			<ymin>239</ymin>
			<xmax>750</xmax>
			<ymax>698</ymax>
		</bndbox>
	</object>
	<object>
		<name>pillar</name>
		<pose>Unspecified</pose>
		<truncated>0</truncated>
		<difficult>0</difficult>
		<bndbox>
			<xmin>266</xmin>
			<ymin>0</ymin>
			<xmax>544</xmax>
			<ymax>937</ymax>
		</bndbox>
	</object>
</annotation>